{
  "leftEye": {
    "ellipseMinorAxis": 0.24494899809360505,
    "ellipseMajorAxis": 0.3099985122680664,
    "screenForward": {
      "x": 0.40041452646255495,
      "y": -0.206566721200943,
      "z": 0.8927476406097412
    },
    "screenPosition": {
      "x": -0.07505609095096588,
      "y": -0.00462628249078989,
      "z": 0.01705174893140793
    },
    "eyePosition": {
      "x": -0.031803812831640246,
      "y": 0.007499999832361937,
      "z": 1.1298985411986899e-16
    },
    "eyeRotation": {
      "x": 7.395533370627759e-32,
      "y": 1.7763568394002506e-15,
      "z": 1.1241009818395605e-14,
      "w": 1.0
    },
    "cameraProjection": {
      "x": -0.699999988079071,
      "y": 0.699999988079071,
      "z": 0.30000001192092898,
      "w": -1.399999976158142
    },
    "sphereToWorldSpace": {
      "e00": 0.05101080238819122,
      "e01": 0.06071346998214722,
      "e02": 0.29330453276634219,
      "e03": -0.11417333036661148,
      "e10": 0.0,
      "e11": 0.23695310950279237,
      "e12": -0.07855913043022156,
      "e13": 0.024785419926047326,
      "e20": -0.23957861959934236,
      "e21": 0.012927045114338398,
      "e22": 0.062450066208839419,
      "e23": -0.056429747492074969,
      "e30": 0.0,
      "e31": 0.0,
      "e32": 0.0,
      "e33": 1.0
    },
    "worldToScreenSpace": {
      "e00": 1.91304349899292,
      "e01": 14.809158325195313,
      "e02": 2.568551540374756,
      "e03": 0.1682986319065094,
      "e10": -15.279358863830567,
      "e11": 0.7548661231994629,
      "e12": 7.027750015258789,
      "e13": -1.263152003288269,
      "e20": 0.40041452646255495,
      "e21": -0.2065667062997818,
      "e22": 0.8927476406097412,
      "e23": 0.013875005766749382,
      "e30": 0.0,
      "e31": 0.0,
      "e32": 0.0,
      "e33": 1.0
    }
  },
  "rightEye": {
    "ellipseMinorAxis": 0.24494899809360505,
    "ellipseMajorAxis": 0.3099985122680664,
    "screenForward": {
      "x": -0.38243162631988528,
      "y": -0.22136953473091126,
      "z": 0.8970739245414734
    },
    "screenPosition": {
      "x": 0.07441262900829315,
      "y": -0.005513749085366726,
      "z": 0.017248114570975305
    },
    "eyePosition": {
      "x": 0.031803812831640246,
      "y": 0.007499999832361937,
      "z": -1.1298985411986899e-16
    },
    "eyeRotation": {
      "x": 0.0,
      "y": 8.881785255792437e-16,
      "z": 5.5788719692908328e-15,
      "w": 1.0
    },
    "cameraProjection": {
      "x": -0.699999988079071,
      "y": 0.699999988079071,
      "z": 0.30000001192092898,
      "w": -1.399999976158142
    },
    "sphereToWorldSpace": {
      "e00": 0.05101081356406212,
      "e01": -0.060713451355695727,
      "e02": -0.29330453276634219,
      "e03": 0.11507471650838852,
      "e10": 0.0,
      "e11": 0.23695312440395356,
      "e12": -0.07855910062789917,
      "e13": 0.024507829919457437,
      "e20": 0.23957861959934236,
      "e21": 0.0129270413890481,
      "e22": 0.062450066208839419,
      "e23": -0.05693426728248596,
      "e30": 0.0,
      "e31": 0.0,
      "e32": 0.0,
      "e33": 1.0
    },
    "worldToScreenSpace": {
      "e00": -2.0283076763153078,
      "e01": 14.7561674118042,
      "e02": 2.776668071746826,
      "e03": 0.18440121412277223,
      "e10": -15.391162872314454,
      "e11": -0.8418408036231995,
      "e12": -6.769146919250488,
      "e13": 1.2574102878570557,
      "e20": -0.38243159651756289,
      "e21": -0.22136947512626649,
      "e22": 0.8970739245414734,
      "e23": 0.011764333583414555,
      "e30": 0.0,
      "e31": 0.0,
      "e32": 0.0,
      "e33": 1.0
    }
  },
  "leapTracker": {
    "name": "Leap Odometry Origin",
    "serial": "",
    "localPose": {
      "position": {
        "x": -0.005803440231829882,
        "y": 0.04395076632499695,
        "z": 0.0720151737332344
      },
      "rotation": {
        "x": -0.2950689196586609,
        "y": 0.00037738640094175935,
        "z": -0.00011654401896521449,
        "w": -0.955475926399231
      }
    }
  }
}